,f1,precision,recall,accuracy,training_time,inference_time
NaiveBayes,0.8629032258064516,0.963963963963964,0.781021897810219,0.9406631762652704,0.0009870529174804,0.0
LogisticRegression,0.946969696969697,0.984251968503937,0.9124087591240876,0.975567190226876,0.0109834671020507,0.0
RandomForest,0.9629629629629628,0.9774436090225564,0.948905109489051,0.9825479930191972,2.0604701042175293,0.0150008201599121
K-NearestNeighbours,0.9143897996357012,0.9127272727272728,0.916058394160584,0.9589877835951134,0.0020525455474853,0.2713990211486816
SupportVectorMachine,0.9171270718232044,0.9256505576208178,0.9087591240875912,0.9607329842931938,1.1399474143981934,0.2553770542144775
GradientBoosting,0.9402985074626866,0.9618320610687024,0.9197080291970804,0.9720767888307156,8.430940628051758,0.0030033588409423
XGBoost,0.9530685920577616,0.9428571428571428,0.9635036496350364,0.9773123909249564,1.558140993118286,0.0020105838775634
DecisionTree,0.875,0.8814814814814815,0.8686131386861314,0.9406631762652705,0.2359786033630371,0.0
