,f1,precision,recall,accuracy,training_time,inference_time
DistilBERT,0.9817518248175182,0.9817518248175182,0.9817518248175182,0.9912739965095986,87969.93179440498,822.3969445228577
